last_name,n_sc,n_not_sc,p_sc,n_roll
devi,499864.0,1796771.0,0.21765060621300295,45217621.0
singh,1300614.0,6975757.0,0.15714786106132747,30446816.0
kumar,451113.0,1486172.0,0.23285835589497672,28103693.0
ram,1316884.0,1623053.0,0.44792932637672167,7358535.0
lal,690141.0,1516007.0,0.3128262473777825,6271168.0
das,785592.0,991986.0,0.44194516358775815,5600389.0
khatun,1117.0,169408.0,0.006550359184870254,5552605.0
kumari,10135.0,41769.0,0.19526433415536376,5471390.0
kaur,101294.0,221435.0,0.31386705254253566,5452715.0
yadav,19542.0,1981123.0,0.009767752222386057,4979169.0
sahu,3958.0,653533.0,0.006019854264164833,4962975.0
prasad,194810.0,766262.0,0.2027007341801655,4402754.0
khan,11315.0,696295.0,0.015990446714998375,4281578.0
ali,4524.0,993209.0,0.004534279210971272,4239023.0
ray,77282.0,575457.0,0.1183964800632412,3865722.0
mandal,276018.0,990967.0,0.2178541971688694,3683632.0
bibi,378.0,237464.0,0.0015892903692367201,3569823.0
bai,102828.0,429007.0,0.19334568052121429,3415827.0
sharma,9366.0,623745.0,0.014793614389893715,3356158.0
patil,9921.0,478356.0,0.020318384851221744,2841116.0
begam,271.0,43190.0,0.006235475483767056,2728983.0
pal,108795.0,548703.0,0.16546818393363935,2719379.0
ahmad,1176.0,151434.0,0.0077059170434440735,2365627.0
mahato,9240.0,160047.0,0.05458186393521062,1990923.0
gupta,2121.0,179988.0,0.011646870830107243,1938092.0
ghosh,5760.0,485447.0,0.011726217256675902,1776150.0
rani,7980.0,18595.0,0.30028222013170275,1724155.0
sah,4947.0,715708.0,0.006864588464660621,1706043.0
prakash,50195.0,147102.0,0.25441339706128324,1690520.0
jadhav,31395.0,252544.0,0.11056952373573196,1680191.0
chand,80080.0,197152.0,0.28885554337161656,1667566.0
ansari,647.0,262650.0,0.0024573010706540523,1650550.0
raut,12136.0,132970.0,0.08363541135445812,1613745.0
paswan,530566.0,63678.0,0.8928419975632905,1448734.0
alam,859.0,216736.0,0.003947701004159103,1441230.0
bhoi,58027.0,100539.0,0.36594856400489384,1430669.0
mishra,1038.0,215712.0,0.004788927335640138,1427978.0
pavar,1225.0,19397.0,0.059402579769178544,1314246.0
bano,168.0,22790.0,0.007317710601968812,1263785.0
chaudhary,25644.0,77845.0,0.24779445158422633,1214035.0
chandra,54021.0,144162.0,0.2725814020375108,1198561.0
barman,255268.0,43810.0,0.8535164739633139,1182100.0
thakur,4180.0,376681.0,0.010975132659946804,1178313.0
nayka,18.0,20532.0,0.0008759124087591241,1162352.0
pradhana,20.0,239.0,0.07722007722007722,1134669.0
shinde,19206.0,165585.0,0.10393363313148368,1125548.0
varma,7525.0,52328.0,0.1257246921624647,1049797.0
babu,17443.0,51332.0,0.2536241366775718,1014591.0
mahapatra,344.0,24323.0,0.013945757489763651,990719.0
narayan,24426.0,113406.0,0.17721574090196762,989056.0
chavan,6084.0,95598.0,0.059833598867056116,971836.0
malik,213119.0,63368.0,0.7708102008412692,970459.0
sing,18465.0,158788.0,0.10417313106125144,945250.0
shankar,26825.0,100260.0,0.2110791989613251,924824.0
kamble,69540.0,15099.0,0.8216070605749123,883832.0
nath,46192.0,178613.0,0.20547585685371766,874781.0
ramesh,1478.0,3058.0,0.32583774250440917,870463.0
saha,32523.0,109384.0,0.22918531150683194,841638.0
patel,5459.0,725437.0,0.007468914866136906,808394.0
tiwari,569.0,150804.0,0.003758926624959537,782045.0
gayakawad,607.0,1134.0,0.34865020103388855,774718.0
behera,183232.0,315009.0,0.36775777184133784,761255.0
haldar,75376.0,16612.0,0.8194112275514197,755843.0
majhi,131079.0,318065.0,0.2918418146518711,743818.0
barika,7.0,106.0,0.061946902654867256,734946.0
pandey,3366.0,170253.0,0.01938727904204033,726634.0
swain,760.0,166732.0,0.0045375301506937644,723533.0
jha,410.0,207275.0,0.001974143534679924,716403.0
bauri,107861.0,3257.0,0.9706888172933278,710331.0
rahman,143.0,78476.0,0.001818898739490454,703319.0
mahat,39.0,2531.0,0.015175097276264591,701244.0
suresh,2054.0,5750.0,0.26319835981547923,687558.0
gopal,17459.0,50021.0,0.2587285121517487,684182.0
rathod,10931.0,250991.0,0.04173379861180046,674141.0
raj,33294.0,74477.0,0.308932829796513,665947.0
arumugam,37845.0,68362.0,0.35633244513073525,662556.0
jain,48.0,32710.0,0.0014652909213016669,652461.0
manjhi,236816.0,31459.0,0.8827359985089926,651677.0
more,17324.0,90720.0,0.1603420828551331,622733.0
hasan,453.0,60165.0,0.007473027813520736,616003.0
shah,1034.0,106629.0,0.009604042242924682,608501.0
maji,23393.0,23827.0,0.49540448962304107,608470.0
krishnan,16234.0,51672.0,0.2390657673843254,596767.0
ramasamy,13709.0,78870.0,0.14807893798809665,592408.0
bishwas,8311.0,5103.0,0.6195765618011033,585107.0
chauhan,12965.0,168532.0,0.07143368760916158,584262.0
reddy,57.0,16272.0,0.0034907220282932206,583131.0
nisha,465.0,50893.0,0.009054090891389852,579567.0
maiti,1158.0,18792.0,0.058045112781954886,574573.0
kanwar,170.0,28789.0,0.005870368451949308,569804.0
pandit,16395.0,181968.0,0.08265150254835832,566886.0
kishor,19679.0,61667.0,0.24191724239667592,561144.0
padhan,1916.0,61412.0,0.030255179383527033,554209.0
kadam,9164.0,79899.0,0.10289345744023894,553317.0
patra,83589.0,141325.0,0.3716487190659541,550517.0
chaudhari,28251.0,165308.0,0.14595549677359357,544165.0
sahni,786.0,176016.0,0.004445651067295619,541789.0
mohan,6246.0,18606.0,0.25132786093674553,539684.0
mallik,57114.0,106223.0,0.34966970129242,536481.0
perumal,41411.0,81230.0,0.33766032566596815,515829.0
jahan,31.0,4010.0,0.0076713684731502104,514252.0
munda,832.0,174928.0,0.004733727810650888,512046.0
bahadur,20063.0,66369.0,0.23212467604590892,503781.0
lakshmi,697.0,2804.0,0.19908597543558984,502114.0
mani,9543.0,28982.0,0.24770927968851394,498582.0
rajesh,66.0,362.0,0.1542056074766355,497706.0
nair,98.0,99972.0,0.000979314479864095,491117.0
murugan,17306.0,22703.0,0.4325526756479792,487648.0
giri,2369.0,105572.0,0.021947174845517458,486126.0
jana,7789.0,54620.0,0.12480571712413274,479551.0
praveen,0.0,400.0,0.0,476493.0
pande,1144.0,14429.0,0.07346047646567777,463741.0
sethi,89391.0,8120.0,0.9167273435817498,459364.0
sardar,44288.0,136444.0,0.2450479162516876,453528.0
bala,15481.0,3730.0,0.8058404039352455,451586.0
molla,351.0,153852.0,0.002276220306997918,449229.0
islam,127.0,186952.0,0.0006788575949197933,448203.0
rana,11075.0,110660.0,0.09097630098164045,446990.0
pathan,123.0,53527.0,0.002292637465051258,444297.0
maharana,320.0,39135.0,0.008110505639335953,443753.0
bhagat,10906.0,108498.0,0.0913369736357241,440301.0
shrivastav,89.0,5474.0,0.015998561927017797,439540.0
choudhury,4347.0,16102.0,0.21257763215805173,435150.0
rajendran,3972.0,12602.0,0.23965246772052612,433916.0
mali,5487.0,125091.0,0.04202086109451822,433762.0
saav,15.0,1655.0,0.008982035928143712,432548.0
sonavane,4875.0,16635.0,0.22663877266387727,425298.0
husain,462.0,66213.0,0.006929133858267717,421857.0
singha,35979.0,36013.0,0.4997638626514057,421595.0
agrawal,1.0,514.0,0.001941747572815534,414054.0
naik,133099.0,250244.0,0.3472060269784501,411366.0
kale,4202.0,64734.0,0.060955088777996984,408160.0
bag,76299.0,69679.0,0.522674649604735,407660.0
raja,3569.0,12728.0,0.21899736147757257,401760.0
joshi,681.0,44997.0,0.014908708787600158,401198.0
karmakar,11308.0,71183.0,0.13708162102532398,400705.0
sinha,600.0,25351.0,0.02312049631998767,397979.0
sitaram,98.0,688.0,0.12468193384223919,392920.0
ganesan,9170.0,24876.0,0.2693414791752335,392380.0
jena,122297.0,145003.0,0.4575271230826786,391414.0
hak,57.0,16623.0,0.0034172661870503595,389602.0
chakrabarti,3.0,398.0,0.007481296758104738,387563.0
murmu,684.0,164801.0,0.004133305133395776,383848.0
murugesan,9335.0,21737.0,0.30043125643666324,383642.0
rajaram,68.0,497.0,0.12035398230088495,383060.0
pramanik,24891.0,55504.0,0.30960880651781825,380872.0
bera,8713.0,49545.0,0.14955885886916817,377435.0
mane,9121.0,51196.0,0.15121773297743588,376548.0
raman,26623.0,25736.0,0.5084703680360587,376369.0
kannan,12828.0,27609.0,0.3172342161881445,374462.0
joseph,1035.0,49607.0,0.020437581454128984,374202.0
deshmukh,224.0,44942.0,0.004959482796794049,365642.0
mal,67607.0,34927.0,0.6593617726802816,364090.0
laal,1162.0,2187.0,0.3469692445506121,363370.0
rajkumar,43.0,66.0,0.3944954128440367,359202.0
shanmugam,6665.0,17044.0,0.28111687544814207,357650.0
narayanan,7533.0,32884.0,0.18638196798376921,351262.0
ramchandra,104.0,1022.0,0.09236234458259325,343641.0
ravi,3331.0,7504.0,0.3074296262113521,341590.0
savant,1647.0,12783.0,0.11413721413721414,339177.0
rajak,54812.0,39749.0,0.5796470003489811,334124.0
rawat,3250.0,46286.0,0.06560885012919897,333935.0
uddin,113.0,93708.0,0.0012044211850225429,333084.0
subramaniyan,4888.0,16736.0,0.22604513503514614,332285.0
sau,676.0,8909.0,0.07052686489306208,331780.0
samanta,1372.0,53666.0,0.024928231403757405,328464.0
sen,8171.0,83883.0,0.0887631173007148,325369.0
soni,556.0,38871.0,0.014102011312045045,324678.0
bhosale,5413.0,37094.0,0.12734373162067425,323967.0
salim,58.0,6547.0,0.008781226343679031,323169.0
kha,4085.0,119262.0,0.03311795179453088,321506.0
saini,209.0,53831.0,0.003867505551443375,317643.0
majumdar,17364.0,16331.0,0.5153286837809764,317394.0
pratap,5595.0,19757.0,0.22069264752287787,315866.0
kishan,8958.0,31889.0,0.21930619139716503,315158.0
rao,1119.0,10827.0,0.09367152184831742,312144.0
waghmare,15015.0,16506.0,0.4763491005996003,312116.0
kailash,570.0,1315.0,0.30238726790450926,308079.0
krishna,3826.0,8193.0,0.3183293119227889,307378.0
mahesh,155.0,311.0,0.33261802575107297,306417.0
thomas,462.0,48266.0,0.009481201773107864,306222.0
koli,7315.0,64111.0,0.10241368689272813,305988.0
subramani,11490.0,37270.0,0.2356439704675964,303239.0
selvaraj,6493.0,14460.0,0.30988402615377275,302173.0
hajra,8150.0,5445.0,0.5994851048179478,301777.0
parida,4291.0,91548.0,0.04477300472667703,299121.0
vishwakarma,203.0,23151.0,0.008692301104735805,298643.0
hosen,18.0,19391.0,0.0009274048122005255,296895.0
soren,226.0,47560.0,0.004729418658184405,292053.0
panda,808.0,87610.0,0.00913841073084666,289989.0
vijay,134.0,404.0,0.24907063197026022,288133.0
vinod,21.0,185.0,0.10194174757281553,288073.0
dutta,2975.0,75084.0,0.0381121971841812,287528.0
sekar,3854.0,7884.0,0.3283353211790765,286513.0
prajapati,16273.0,75476.0,0.17736433094638634,286040.0
pradhan,18667.0,350842.0,0.050518390621067416,283578.0
gauda,63.0,9231.0,0.006778566817301485,283158.0
raju,1968.0,7842.0,0.20061162079510703,282663.0
pathak,535.0,38841.0,0.01358695652173913,279242.0
munusamy,15879.0,22745.0,0.41111743993371996,278696.0
nayak,65001.0,348886.0,0.1570501127119238,277836.0
mahanta,2106.0,99331.0,0.020761655017399964,276516.0
manna,4374.0,42309.0,0.09369577790630422,272128.0
hembram,200.0,53456.0,0.0037274489339496047,272091.0
shukla,247.0,45576.0,0.005390306178120158,270000.0
adhikari,18533.0,24777.0,0.42791503117063034,268946.0
mohanty,321.0,89472.0,0.00357488891116234,268701.0
gangaram,332.0,1217.0,0.2143318269851517,268486.0
mehta,515.0,39116.0,0.012994877747218086,266708.0
saren,250.0,61617.0,0.004040926503628752,265821.0
vel,237.0,590.0,0.28657799274486095,264202.0
natarajan,2348.0,11041.0,0.1753678392710434,263863.0
naresh,11483.0,25605.0,0.30961496980155306,263456.0
periyasami,3474.0,11492.0,0.23212615261258854,263347.0
kunwar,8376.0,44262.0,0.15912458680041036,263034.0
pillai,441.0,66088.0,0.0066286882412181156,261644.0
bagdi,102391.0,1650.0,0.9841408675426034,260863.0
kandasamy,1436.0,8122.0,0.15024063611634234,260690.0
dube,251.0,29749.0,0.008366666666666666,260661.0
sunil,13.0,105.0,0.11016949152542373,259873.0
rajan,3737.0,16533.0,0.18436112481499753,259702.0
marak,1.0,2320.0,0.00043084877208099956,257490.0
srinivasan,1301.0,5081.0,0.2038545910372924,256051.0
debi,631.0,1756.0,0.2643485546711353,255959.0
haq,56.0,12944.0,0.0043076923076923075,254605.0
sangma,1.0,2343.0,0.0004266211604095563,253940.0
ganesh,117.0,2543.0,0.04398496240601504,252410.0
dev,15005.0,39865.0,0.2734645525788227,252286.0
lohar,34674.0,22508.0,0.6063796299534818,252069.0
govindan,5598.0,15068.0,0.2708797057969612,249856.0
dayal,19933.0,45327.0,0.30543977934416183,249217.0
jagatap,1332.0,8359.0,0.13744711588071407,248264.0
ibrahim,15.0,4269.0,0.0035014005602240898,242367.0
ezhumalai,3805.0,9414.0,0.2878432559195098,241269.0
banu,3.0,785.0,0.0038071065989847717,240671.0
vati,4313.0,11077.0,0.2802469135802469,238660.0
manikkam,7135.0,17761.0,0.2865922236503856,238102.0
bharti,4169.0,6901.0,0.37660343270099367,234842.0
dhara,20896.0,10578.0,0.6639130711063099,234763.0
palani,18056.0,9780.0,0.648656416151746,232906.0
akhtar,57.0,14108.0,0.0040240028238616304,232454.0
balakrishnan,3021.0,15363.0,0.1643276762402089,232361.0
jaiswal,67.0,3479.0,0.01889452904681331,230905.0
selvam,3714.0,8386.0,0.3069421487603306,230121.0
lata,92.0,314.0,0.22660098522167488,227916.0
sundar,3478.0,9220.0,0.27390140179555833,227403.0
sada,114526.0,10588.0,0.91537317966015,226193.0
ara,0.0,826.0,0.0,223261.0
venkatesan,886.0,3666.0,0.19463971880492092,221767.0
meena,455.0,306459.0,0.0014824999837087915,220969.0
ismail,19.0,2087.0,0.009021842355175688,220735.0
manoj,83.0,491.0,0.1445993031358885,219061.0
ingale,9215.0,15247.0,0.376706728803859,218908.0
molya,2.0,17490.0,0.0001143379830779785,217825.0
mukhiya,812.0,103701.0,0.007769368403930612,217241.0
meshram,19658.0,29951.0,0.39625874337317823,216502.0
jagannath,8.0,92.0,0.08,215374.0
kuppusamy,5270.0,19586.0,0.2120212423559704,215280.0
din,3538.0,6457.0,0.35397698849424714,214219.0
sek,0.0,225.0,0.0,213011.0
gaji,238.0,33394.0,0.007076593720266413,212594.0
goswami,462.0,19618.0,0.02300796812749004,212587.0
duraisamy,6497.0,22094.0,0.2272393410513798,212321.0
govindasami,393.0,2791.0,0.12342964824120603,211780.0
marimuthu,11855.0,23214.0,0.3380478485271893,210773.0
sutar,871.0,36588.0,0.023252088950585975,209367.0
pujari,274.0,26334.0,0.010297654840649428,209155.0
kali,9829.0,14896.0,0.3975328614762386,206758.0
hanif,57.0,3761.0,0.014929282346778419,206754.0
palanisamy,6399.0,25237.0,0.20226956631685422,204578.0
miyan,1494.0,47503.0,0.030491662754862543,204246.0
mistri,10684.0,54043.0,0.1650624932408423,202351.0
mahajan,567.0,21445.0,0.02575867708522624,201096.0
bhil,334.0,127508.0,0.00261259992803617,199636.0
biswal,583.0,87236.0,0.006638654505289289,198973.0
muthu,11917.0,22970.0,0.3415885573422765,198595.0
mariyappan,8133.0,18409.0,0.3064200135634089,198544.0
rajput,248.0,55637.0,0.0044376845307327545,198455.0
muthusamy,6599.0,28144.0,0.18993754137524105,197958.0
kumbhar,13137.0,32814.0,0.2858914931122282,197798.0
husen,114.0,12887.0,0.008768556264902699,197442.0
bihari,4741.0,15712.0,0.23179973598005182,195565.0
rafik,17.0,3481.0,0.004859919954259577,195069.0
nandi,1397.0,29023.0,0.04592373438527285,193860.0
govind,1519.0,4710.0,0.24385936747471504,193158.0
gautam,6183.0,6531.0,0.4863142991977348,192486.0
ponnusamy,8634.0,25622.0,0.2520434376459598,191875.0
thangavel,8516.0,23035.0,0.2699122056353206,190476.0
kalo,610.0,3331.0,0.15478304998731288,190123.0
dehuri,4799.0,55721.0,0.07929610046265698,189942.0
rameshbhai,257.0,1938.0,0.11708428246013668,189522.0
dei,5997.0,12934.0,0.31678199778141675,187519.0
tripathi,113.0,23110.0,0.004865865736554278,187473.0
santara,460.0,218.0,0.6784660766961652,187216.0
varghese,156.0,27364.0,0.005668604651162791,185748.0
sagar,7654.0,15214.0,0.33470351582998076,182610.0
meher,3371.0,48644.0,0.0648082283956551,182496.0
sankar,1937.0,5072.0,0.2763589670423741,179875.0
george,403.0,23616.0,0.01677838377950789,179418.0
basha,31.0,1439.0,0.02108843537414966,179303.0
ramalingam,3714.0,16935.0,0.17986343164317883,179004.0
shelke,1125.0,14893.0,0.0702334873267574,178436.0
marandi,105.0,12546.0,0.008299739151055252,177546.0
kushwaha,2948.0,83346.0,0.034162282429832894,176938.0
rama,252.0,808.0,0.23773584905660378,175334.0
yusuf,20.0,2338.0,0.008481764206955046,175309.0
nikam,3159.0,27303.0,0.10370297419736065,175282.0
shil,2614.0,23045.0,0.10187458591527339,175251.0
upadhyay,95.0,14146.0,0.006670879853942841,174082.0
momin,3.0,23903.0,0.00012549150840793105,173658.0
maurya,3603.0,32586.0,0.0995606399734726,172906.0
desai,247.0,28244.0,0.00866940437331087,172555.0
datt,664.0,4612.0,0.12585291887793784,172422.0
ramachandran,1876.0,10481.0,0.15181678400906368,172184.0
ramu,1988.0,9047.0,0.18015405527865883,171914.0
datta,337.0,7459.0,0.04322729604925603,171635.0
nanda,2868.0,9670.0,0.2287446163662466,171127.0
mathew,225.0,33137.0,0.006744199988010311,170648.0
kundu,1005.0,35976.0,0.02717611746572564,169209.0
hameed,10.0,6470.0,0.0015432098765432098,167657.0
pavara,2.0,1939.0,0.0010303967027305513,167327.0
thorat,6557.0,20492.0,0.24241191910976376,167229.0
saravanan,1224.0,3629.0,0.25221512466515555,166226.0
harijan,73025.0,9038.0,0.8898651036398865,165107.0
charan,15830.0,31090.0,0.33738277919863596,163776.0
nagaraj,1626.0,4040.0,0.28697493822802683,162995.0
shyam,8372.0,24252.0,0.256620892594409,162728.0
ravidas,41603.0,5153.0,0.8897895457267516,162529.0
uranv,4.0,1378.0,0.002894356005788712,161696.0
jayaraman,3526.0,11648.0,0.23237116119678397,160719.0
ramakrishnan,1761.0,10176.0,0.1475245036441317,158683.0
lakshmanan,6432.0,19452.0,0.24849327770050997,158620.0
radhakrishnan,1027.0,6460.0,0.13717109656738347,158215.0
gop,70.0,2414.0,0.02818035426731079,157056.0
pyari,1272.0,2504.0,0.336864406779661,156969.0
chinnasamy,6314.0,17228.0,0.2682015121909778,156654.0
lakhan,8062.0,16121.0,0.33337468469586073,154395.0
munna,6.0,644.0,0.009230769230769232,153963.0
urao,8.0,1402.0,0.005673758865248227,153260.0
manohar,1214.0,2532.0,0.3240790176187934,152624.0
boro,26.0,24568.0,0.0010571684150605838,149123.0
salam,34.0,14402.0,0.0023552230534774174,148852.0
gulab,39.0,718.0,0.05151915455746367,148741.0
gopi,1205.0,3003.0,0.2863593155893536,148718.0
deb,184.0,2828.0,0.06108897742363878,148614.0
gurav,42.0,22636.0,0.0018520151688861451,148574.0
karuppaiya,6130.0,18144.0,0.25253357501853835,148543.0
hota,2.0,2816.0,0.0007097232079489,148254.0
kutty,2037.0,20521.0,0.09030055856015604,147723.0
vagh,573.0,8621.0,0.06232325429628018,147507.0
shaha,46.0,8903.0,0.0051402391328640076,147473.0
velayudhan,3302.0,6210.0,0.3471404541631623,146676.0
barik,15751.0,149912.0,0.09507856310703054,146558.0
hari,33.0,70.0,0.32038834951456313,146496.0
govindaraj,1692.0,7587.0,0.18234723569350145,146246.0
kureshi,351.0,4061.0,0.07955575702629193,145889.0
murali,30.0,72.0,0.29411764705882354,145761.0
annamalai,7912.0,21389.0,0.27002491382546673,145285.0
mahadev,291.0,1788.0,0.13997113997113997,144686.0
kashyap,656.0,23470.0,0.027190582773771035,144345.0
majid,11.0,2012.0,0.005437469105289174,144339.0
sundaram,2434.0,6445.0,0.2741299695911702,144079.0
rati,809.0,1307.0,0.3823251417769376,143900.0
rangasami,1347.0,6914.0,0.16305532017915506,143651.0
raji,5481.0,12062.0,0.31243230918314996,143603.0
mhatre,66.0,19714.0,0.0033367037411526795,143317.0
velu,7990.0,10631.0,0.4290854411685731,142247.0
tudu,306.0,81188.0,0.003754877659705009,142023.0
chaurasiya,526.0,15882.0,0.03205753291077523,140828.0
mohite,3648.0,19656.0,0.15653964984552007,140526.0
suppaiya,1535.0,4499.0,0.25439177991382167,140199.0
gavade,105.0,16567.0,0.006297984644913627,139522.0
mangal,606.0,1500.0,0.28774928774928776,139227.0
ranjan,526.0,4828.0,0.0982443033246171,139097.0
mulla,53.0,9171.0,0.005745880312228968,138918.0
karan,8984.0,20400.0,0.3057446229240403,137972.0
gawali,120.0,669.0,0.1520912547528517,137480.0
garg,318.0,1325.0,0.1935483870967742,137466.0
bhagwan,735.0,3396.0,0.17792302106027597,137341.0
ojha,1069.0,32989.0,0.031387632861589056,137270.0
garai,434.0,21692.0,0.019614932658410918,136903.0
tyagi,198.0,8550.0,0.02263374485596708,135924.0
vijayan,1743.0,9186.0,0.15948394180620368,135125.0
usman,8.0,1283.0,0.006196746707978312,133389.0
bharat,38.0,79.0,0.3247863247863248,132981.0
rabha,15.0,29054.0,0.0005160136227596409,132602.0
sahay,3534.0,8271.0,0.29936467598475225,132437.0
rashid,16.0,2189.0,0.0072562358276643995,132433.0
hansda,245.0,51129.0,0.004768949273951805,132328.0
madan,221.0,32.0,0.8735177865612648,132273.0
john,557.0,19399.0,0.02791140509120064,132032.0
chandran,3252.0,11494.0,0.22053438220534383,131872.0
bhola,3.0,338.0,0.008797653958944282,131863.0
bhandari,261.0,8275.0,0.03057638238050609,131339.0
manoharan,118.0,651.0,0.15344603381014305,130707.0
paal,858.0,4293.0,0.16656959813628422,130563.0
kol,1842.0,127065.0,0.01428937140729363,130440.0
baitha,36098.0,10370.0,0.7768356718602049,130159.0
pati,3386.0,18593.0,0.15405614450156968,129619.0
mandi,224.0,49592.0,0.004496547294042075,129506.0
ratan,3444.0,5853.0,0.37044207808970636,128728.0
ahire,7065.0,13807.0,0.33849175929474895,128353.0
balu,1502.0,2248.0,0.40053333333333335,128237.0
gore,1322.0,15685.0,0.07773269830069972,127415.0
mahammad,6.0,11613.0,0.0005163955589981926,127089.0
sharif,12.0,1110.0,0.0106951871657754,126814.0
beg,27.0,5722.0,0.004696468951121934,126533.0
kamal,274.0,639.0,0.30010952902519167,126492.0
dhurve,104.0,32241.0,0.0032153346730561137,126014.0
raghunath,8.0,92.0,0.08,125463.0
rathaur,34.0,1917.0,0.01742696053305997,125293.0
subramaniyam,314.0,2852.0,0.09917877447883765,124942.0
negi,29.0,10485.0,0.0027582271257371124,124878.0
arunachalam,3867.0,14567.0,0.20977541499403277,124806.0
rahim,22.0,3794.0,0.005765199161425576,124693.0
nadesan,4683.0,11223.0,0.2944172010562052,124583.0
karim,10.0,5341.0,0.0018688095683049898,124473.0
dalavi,258.0,9479.0,0.026496867618362945,123531.0
sai,20.0,3455.0,0.0057553956834532375,123332.0
saxena,7.0,553.0,0.0125,123006.0
swami,1049.0,7735.0,0.11942167577413479,122949.0
sabale,3011.0,10807.0,0.21790418294977565,122766.0
gurusamy,5203.0,13917.0,0.2721234309623431,122553.0
chandiran,245.0,449.0,0.3530259365994236,122407.0
bhuiya,23070.0,4501.0,0.8367487577527112,122373.0
gaud,735.0,10411.0,0.06594293917100305,122308.0
bhaskar,144.0,1211.0,0.10627306273062731,122000.0
malakar,5060.0,11443.0,0.3066109192268072,121902.0
bara,272.0,1232.0,0.18085106382978725,121506.0
raghavan,1905.0,7727.0,0.1977782392026578,121257.0
solanki,15415.0,95774.0,0.13863781489176089,120238.0
yaseen,5.0,963.0,0.005165289256198347,120217.0
nagarajan,1434.0,3505.0,0.2903421745292569,120196.0
bhuiyan,7688.0,113.0,0.9855146776054352,120173.0
amma,136.0,26432.0,0.005118940078289671,120167.0
andi,3143.0,5090.0,0.3817563464107859,120109.0
shende,5426.0,19527.0,0.21744880375105197,119847.0
devaraj,1890.0,4673.0,0.2879780588145665,119826.0
jose,84.0,11406.0,0.007310704960835509,119520.0
narayanasamy,1703.0,16040.0,0.09598151383644254,119363.0
jan,49.0,1400.0,0.033816425120772944,119206.0
abbas,12.0,2854.0,0.00418702023726448,118933.0
gandhi,315.0,607.0,0.34164859002169196,118780.0
aslam,33.0,5304.0,0.006183249016301293,118657.0
beevi,2.0,17608.0,0.00011357183418512209,118391.0
balan,1890.0,6294.0,0.23093841642228738,117976.0
gayen,9845.0,6847.0,0.5898034986820033,117800.0
vegam,4.0,855.0,0.004656577415599534,117160.0
rai,17705.0,278903.0,0.059691579458409756,116929.0
bhalerao,7709.0,5594.0,0.5794933473652559,116678.0
tayade,6304.0,4671.0,0.5743963553530752,116388.0
dikshit,1.0,226.0,0.004405286343612335,116011.0
kala,534.0,872.0,0.37980085348506404,115885.0
kumaran,2362.0,5306.0,0.3080333854981742,115772.0
venkatachalam,238.0,1969.0,0.10783869506116901,115214.0
miya,2353.0,156976.0,0.014768184071951747,115140.0
modak,570.0,18375.0,0.030087094220110848,115008.0
bhan,4162.0,11019.0,0.2741584875831632,114790.0
ayyappan,1558.0,1202.0,0.5644927536231884,114720.0
mitra,1798.0,10694.0,0.14393211655459495,114373.0
valavi,3.0,8843.0,0.00033913633280578795,114226.0
ramji,55.0,398.0,0.12141280353200883,114195.0
lokhande,7348.0,13870.0,0.34630973701574136,113713.0
kharat,7780.0,10352.0,0.42907566732848,113574.0
kisku,206.0,36584.0,0.0055993476488176135,113557.0
kuppan,14151.0,13123.0,0.5188457871965975,113225.0
gopalan,2853.0,7467.0,0.27645348837209305,112492.0
sankaran,1934.0,2641.0,0.42273224043715846,112264.0
baidya,8819.0,6222.0,0.5863306960973339,112180.0
kulkarni,93.0,9941.0,0.009268487143711382,112076.0
paramasivam,2836.0,8911.0,0.24142334212990552,111490.0
kahar,5354.0,13282.0,0.28729341060313374,110977.0
dongare,4771.0,6964.0,0.4065615679590967,110247.0
moorthi,285.0,721.0,0.28330019880715707,110225.0
yunus,21.0,2831.0,0.007363253856942496,110219.0
salave,3311.0,1473.0,0.6920986622073578,110017.0
bhoir,684.0,16326.0,0.04021164021164021,109908.0
bosak,172.0,44.0,0.7962962962962963,109847.0
milan,5430.0,10482.0,0.34125188536953244,108770.0
gani,10.0,1165.0,0.00851063829787234,108744.0
anvar,0.0,384.0,0.0,108636.0
kakade,1190.0,9641.0,0.10986981811467085,108611.0
mahali,794.0,12476.0,0.05983421250941975,108490.0
swaroop,5154.0,10005.0,0.3399960419552741,108366.0
rajagopal,1989.0,11169.0,0.1511627906976744,108221.0
salunkhe,473.0,18309.0,0.025183686508359067,107919.0
senapati,3102.0,23569.0,0.11630610025870795,107891.0
sattar,22.0,4116.0,0.005316578057032383,107521.0
krishnasamy,709.0,11421.0,0.05845012366034625,107413.0
ranganathan,1523.0,7822.0,0.1629748528624933,106845.0
ganpat,67.0,439.0,0.1324110671936759,106550.0
gavit,9.0,32470.0,0.00027710212752855693,106278.0
shelar,2014.0,13868.0,0.12681022541241657,106088.0
manikandan,264.0,908.0,0.22525597269624573,105819.0
madhavan,1461.0,4824.0,0.2324582338902148,105809.0
naga,363.0,417.0,0.4653846153846154,105559.0
panchal,107.0,19110.0,0.0055679866784617785,104924.0
ravichandran,668.0,2072.0,0.24379562043795622,104736.0
nayek,12892.0,12864.0,0.5005435626650101,104708.0
pandiyan,1539.0,4126.0,0.27166813768755516,104415.0
palaniyappan,2436.0,11405.0,0.17599884401416083,103716.0
viswanathan,114.0,770.0,0.12895927601809956,103654.0
bansode,8077.0,5697.0,0.5863946565993902,103605.0
ahmed,89.0,26014.0,0.0034095697812511973,103022.0
rishi,44833.0,5945.0,0.8829217377604475,102679.0
chinnathambi,6295.0,17189.0,0.26805484585249534,102379.0
gunasekaran,1061.0,2455.0,0.3017633674630262,101934.0
ganapathi,2596.0,7765.0,0.250554965736898,101719.0
vijayakumar,274.0,2104.0,0.1152228763666947,101093.0
kamat,95.0,29453.0,0.003215107621497225,99997.0
rane,89.0,11532.0,0.007658549178211858,99970.0
shabar,30.0,7160.0,0.004172461752433936,99914.0
bhue,1380.0,31779.0,0.04161766036370216,99655.0
kesavan,2825.0,7541.0,0.27252556434497394,99306.0
poddar,3362.0,17576.0,0.1605692998376158,99023.0
nesha,52.0,5050.0,0.010192081536652292,98298.0
mana,88.0,849.0,0.09391675560298826,98033.0
kushwah,159.0,30803.0,0.005135327175247077,97955.0
abdulla,0.0,2081.0,0.0,97237.0
kedar,442.0,2841.0,0.1346329576606762,97051.0
pra,9.0,352.0,0.024930747922437674,96951.0
rasid,17.0,5673.0,0.0029876977152899823,96661.0
chanda,134.0,5074.0,0.02572964669738863,96551.0
jabbar,17.0,3225.0,0.005243676742751388,96225.0
akbar,8.0,1460.0,0.005449591280653951,95928.0
muduli,985.0,40826.0,0.023558393724139582,95802.0
vahid,9.0,761.0,0.011688311688311689,95588.0
jamadar,163.0,5208.0,0.03034816607708062,95329.0
senthilkumar,868.0,2154.0,0.2872270019854401,95085.0
kisan,828.0,36400.0,0.02224132373482325,94621.0
paramanik,3097.0,9396.0,0.247898823341071,94384.0
puri,50.0,11241.0,0.004428305730227615,94261.0
sultan,14.0,1037.0,0.013320647002854425,94052.0
latif,0.0,1039.0,0.0,93941.0
vadivel,4174.0,9466.0,0.3060117302052786,93814.0
kujur,25.0,11161.0,0.0022349365278026105,93676.0
habib,8.0,920.0,0.008620689655172414,93661.0
nivas,2056.0,6924.0,0.2289532293986637,93562.0
mustafa,18.0,2454.0,0.007281553398058253,93384.0
damodaran,408.0,3215.0,0.11261385592050786,93169.0
madavi,37.0,24566.0,0.0015038816404503515,92971.0
salunke,873.0,10349.0,0.07779361967563714,92814.0
thangaraj,2246.0,4363.0,0.3398396126494175,92744.0
kole,540.0,7079.0,0.07087544297151857,92221.0
mohanan,1894.0,9179.0,0.17104669014720492,92003.0
kasim,26.0,3539.0,0.0072931276297335205,91260.0
thapa,198.0,11675.0,0.016676492883011877,91208.0
kaliyaperumal,4986.0,13289.0,0.2728317373461012,90967.0
amin,38.0,3427.0,0.010966810966810967,90377.0
padavi,3.0,8238.0,0.00036403349108117945,90362.0
mahana,14.0,90.0,0.1346153846153846,90211.0
jamil,6.0,617.0,0.009630818619582664,89830.0
nasim,10.0,3894.0,0.0025614754098360654,89829.0
khalil,14.0,1359.0,0.010196649672250545,89596.0
turi,5675.0,1199.0,0.8255746290369508,89046.0
chakma,0.0,11664.0,0.0,88907.0
prabhakaran,327.0,2875.0,0.10212367270455965,88880.0
kaliyappan,4201.0,10886.0,0.2784516471134089,88685.0
mahalingam,3325.0,5732.0,0.3671193551948769,88551.0
antony,91.0,7538.0,0.011928168829466509,88528.0
babubhai,734.0,6427.0,0.10249965088674766,88477.0
kana,21.0,197.0,0.0963302752293578,88470.0
kalam,54.0,15736.0,0.003419886003799873,87652.0
umar,72.0,5253.0,0.013521126760563381,87594.0
bhuya,289.0,284.0,0.5043630017452007,87473.0
shahid,12.0,2071.0,0.005760921747479597,87393.0
mule,484.0,11962.0,0.038887996143339223,87291.0
shekhar,1336.0,2771.0,0.3252982712442172,87238.0
suleman,13.0,1496.0,0.008614976805831677,87049.0
nahaka,118.0,133.0,0.4701195219123506,86886.0
abraham,120.0,15071.0,0.007899414126785596,86684.0
parab,16.0,10688.0,0.0014947683109118087,86670.0
irfan,6.0,1284.0,0.004651162790697674,86368.0
karuppan,19541.0,7133.0,0.7325860388393192,86243.0
deshpande,11.0,94.0,0.10476190476190476,86194.0
dalui,16058.0,1942.0,0.8921111111111111,86150.0
dalai,15856.0,15415.0,0.5070512615522369,86111.0
padhi,38.0,13449.0,0.0028175279899162156,86031.0
god,633.0,10488.0,0.05691934178581063,85915.0
shakil,5.0,734.0,0.006765899864682003,85891.0
basu,1883.0,6559.0,0.2230514096185738,85753.0
rishidev,35103.0,3901.0,0.8999846169623629,85744.0
borkar,4133.0,8665.0,0.3229410845444601,85722.0
samad,10.0,3061.0,0.0032562683165092803,85697.0
tambe,1732.0,9174.0,0.15881166330460297,85494.0
velayudham,306.0,676.0,0.31160896130346233,85469.0
tadavi,26.0,15866.0,0.0016360432922225018,84775.0
vasu,906.0,3340.0,0.2133772962788507,84699.0
dulare,3725.0,6913.0,0.35015980447452527,84614.0
rajbhar,1719.0,38030.0,0.043246370977886237,84434.0
anandhan,301.0,426.0,0.4140302613480055,84087.0
mahakuda,2.0,678.0,0.0029411764705882353,83631.0
vir,269.0,930.0,0.2243536280233528,83342.0
rasul,18.0,2896.0,0.0061770761839396015,83291.0
bhoyar,441.0,17358.0,0.024776672846789145,83010.0
tomar,81.0,8130.0,0.009864815491413957,82517.0
hussain,178.0,50993.0,0.0034785327626976215,82438.0
yakub,4.0,338.0,0.011695906432748537,81939.0
kar,2358.0,30776.0,0.07116557010925334,81627.0
ghadge,148.0,1928.0,0.07129094412331406,81514.0
sarkar,230221.0,164992.0,0.582523854225443,81466.0
chacko,361.0,14892.0,0.02366747525077034,81228.0
kalimuthu,5768.0,8804.0,0.39582761460334887,81008.0
lala,259.0,502.0,0.3403416557161629,80826.0
kevat,158.0,34402.0,0.004571759259259259,80718.0
wankhede,4074.0,5023.0,0.4478399472353523,80701.0
modi,100.0,4465.0,0.02190580503833516,80637.0
madhu,244.0,758.0,0.2435129740518962,80589.0
arya,183.0,36.0,0.8356164383561644,80313.0
uike,218.0,24486.0,0.008824481865284974,80264.0
nag,16892.0,33794.0,0.33326756895395176,80127.0
nand,1299.0,4571.0,0.2212947189097104,79573.0
saroj,17636.0,3402.0,0.8382926133662896,79364.0
roy,363048.0,132963.0,0.7319353804653526,79201.0
panneerselvam,552.0,1085.0,0.337202199144777,79165.0
mudi,703.0,16266.0,0.04142848724144027,78968.0
jalil,7.0,2486.0,0.002807862013638187,78957.0
jamal,3.0,2057.0,0.0014563106796116505,78677.0
bind,864.0,53031.0,0.01603117172279432,78528.0
durairaj,1805.0,5189.0,0.2580783528738919,78492.0
gade,1677.0,6278.0,0.21081081081081082,78481.0
nadaf,92.0,12278.0,0.007437348423605497,78021.0
sabir,10.0,2484.0,0.00400962309542903,78015.0
mujavar,4.0,2198.0,0.0018165304268846503,77952.0
gurjar,204.0,144099.0,0.0014136920230348642,77940.0
dhanapal,1482.0,2389.0,0.3828468096099199,77919.0
muniyandi,7582.0,6177.0,0.5510574896431427,77659.0
vishwas,75.0,5943.0,0.012462612163509471,77446.0
ben,697.0,7183.0,0.0884517766497462,77255.0
kazi,12.0,622.0,0.01892744479495268,77220.0
dharmaraj,113.0,375.0,0.23155737704918034,77215.0
anbazhagan,523.0,621.0,0.4571678321678322,77077.0
vankhade,127.0,86.0,0.596244131455399,77008.0
sukumaran,1403.0,5823.0,0.19415997785773595,76699.0
sathe,5199.0,5541.0,0.4840782122905028,76203.0
vasudevan,402.0,2072.0,0.16248989490703314,75795.0
adak,1822.0,11518.0,0.13658170914542728,75623.0
bagul,2094.0,10730.0,0.16328758577666874,75333.0
redi,2.0,327.0,0.0060790273556231,75004.0
arif,9.0,1274.0,0.007014809041309431,74602.0
suman,217.0,8135.0,0.025981800766283526,74304.0
minj,11.0,2952.0,0.003712453594330071,74181.0
balraj,41.0,59.0,0.41,74170.0
imran,0.0,111.0,0.0,74166.0
kanniyappan,2240.0,6397.0,0.2593493111033924,74021.0
londhe,5583.0,5963.0,0.48354408453143943,73705.0
thangarasu,3462.0,8159.0,0.2979089579210051,73679.0
bari,362.0,3460.0,0.09471480900052329,73647.0
raveendran,783.0,6331.0,0.11006466123137476,73546.0
deva,49.0,180.0,0.21397379912663755,73477.0
haji,0.0,9054.0,0.0,73419.0
sonkar,3458.0,1594.0,0.6844813935075218,73183.0
sevak,6219.0,11495.0,0.35107824319747094,73100.0
venugopal,260.0,1924.0,0.11904761904761904,73012.0
borse,355.0,5359.0,0.062128106405320266,72981.0
sonar,7.0,1815.0,0.0038419319429198683,72868.0
pandi,2506.0,6972.0,0.26440177252584934,72820.0
devare,173.0,3011.0,0.054334170854271356,72617.0
keshari,11.0,1037.0,0.01049618320610687,72446.0
ghodake,981.0,3799.0,0.20523012552301256,72386.0
begum,125.0,36635.0,0.003400435255712731,72246.0
ingole,5097.0,7895.0,0.39231834975369456,72118.0
dulari,3057.0,5815.0,0.34456717763751127,72069.0
kuraishi,8.0,1405.0,0.005661712668082095,71935.0
paul,2060.0,55121.0,0.036025952676588376,71767.0
dwivedi,41.0,18088.0,0.0022615698604445916,71675.0
magar,956.0,7989.0,0.10687534935718278,71312.0
rasheed,0.0,2647.0,0.0,70999.0
bhushan,306.0,1308.0,0.1895910780669145,70990.0
kumavat,1.0,3307.0,0.0003022974607013301,70957.0
sharan,2546.0,7846.0,0.2449961508852964,70596.0
paradhi,54.0,5898.0,0.009072580645161291,70569.0
bisht,42.0,10511.0,0.003979910925803089,70430.0
mahale,831.0,11877.0,0.0653918791312559,70271.0
panigrahi,605.0,13533.0,0.042792474183052764,70172.0
ayub,11.0,1062.0,0.010251630941286114,70165.0
rathinam,3769.0,7885.0,0.32340827183799553,69831.0
khade,1843.0,10098.0,0.15434218239678418,69652.0
ade,33.0,7313.0,0.0044922406751973865,69599.0
mathai,397.0,10821.0,0.03538955250490283,69577.0
gosavi,183.0,11083.0,0.016243564707970885,69419.0
chandrasekar,51.0,169.0,0.2318181818181818,69214.0
banik,484.0,2550.0,0.15952537903757416,69177.0
khatua,2418.0,13983.0,0.14743003475397842,69152.0
dhumal,132.0,9584.0,0.013585837793330589,68906.0
chinnappan,3827.0,10409.0,0.26882551278449,68446.0
satpute,2022.0,8233.0,0.1971721111652852,68393.0
thombare,471.0,6851.0,0.0643266866976236,68322.0
bashir,0.0,103.0,0.0,68275.0
chandar,3869.0,8903.0,0.3029282806138428,68220.0
bhise,3388.0,7469.0,0.3120567375886525,68116.0
hamsa,0.0,330.0,0.0,67992.0
karthikeyan,19.0,82.0,0.18811881188118812,67973.0
durai,1481.0,2387.0,0.3828852119958635,67776.0
mochi,11530.0,1196.0,0.906019173345906,67395.0
veerappan,3026.0,10202.0,0.22875718173571213,67309.0
rasu,3340.0,9193.0,0.2664964493736536,67140.0
surve,614.0,7167.0,0.07891016578845907,67118.0
munisamy,3372.0,6963.0,0.3262699564586357,67116.0
khandare,8572.0,5560.0,0.6065666572318144,67110.0
rajamanikkam,937.0,2789.0,0.2514761137949544,67088.0
azad,13.0,384.0,0.0327455919395466,66987.0
satra,3516.0,1411.0,0.7136188349908666,66976.0
gafur,2.0,217.0,0.0091324200913242,66967.0
jayakumar,86.0,662.0,0.11497326203208556,66861.0
sami,11.0,100.0,0.0990990990990991,66790.0
ashraf,0.0,890.0,0.0,66778.0
sahani,2324.0,93772.0,0.024184149184149184,66707.0
muniyappan,1886.0,9669.0,0.16321938554738208,66691.0
sureshkumar,43.0,413.0,0.09429824561403509,66643.0
gawande,281.0,2766.0,0.09222185756481785,66632.0
swarup,1939.0,3584.0,0.35107731305449935,66600.0
maske,2905.0,8322.0,0.25875122472610673,66466.0
thankappan,2479.0,4902.0,0.33586234927516595,66418.0
fakir,40.0,2834.0,0.013917884481558803,66407.0
hamid,22.0,3917.0,0.005585173902005585,66327.0
kolhe,630.0,10136.0,0.05851755526657997,66282.0
kadir,14.0,1994.0,0.0069721115537848604,65966.0
karunakaran,267.0,1659.0,0.13862928348909656,65942.0
palanivel,1181.0,3399.0,0.25786026200873363,65812.0
namdev,828.0,14044.0,0.055675094136632595,65562.0
gulam,1380.0,2345.0,0.3704697986577181,65469.0
vilas,4261.0,7931.0,0.349491469816273,65317.0
kuvar,2455.0,12440.0,0.16482040953340046,65295.0
aher,414.0,7895.0,0.04982549043206162,65284.0
chaube,28.0,3926.0,0.0070814365199797676,65228.0
safi,6164.0,3950.0,0.609452244413684,65161.0
vishal,449.0,1181.0,0.2754601226993865,65160.0
dule,17154.0,337.0,0.9807329483734492,65152.0
jeganathan,364.0,535.0,0.40489432703003336,65024.0
let,22183.0,528.0,0.9767513539694421,64918.0
mehra,9218.0,1285.0,0.8776540036180139,64720.0
marathe,195.0,5950.0,0.03173311635475997,64687.0
shamim,10.0,1945.0,0.005115089514066497,64675.0
tamboli,9.0,5887.0,0.0015264586160108548,64525.0
nagar,366.0,15607.0,0.022913666812746508,64508.0
bali,2256.0,4063.0,0.3570185155879095,64427.0
avasthi,3.0,739.0,0.004043126684636119,64338.0
ramachandiran,557.0,2712.0,0.17038849801162434,64308.0
baskaran,179.0,396.0,0.31130434782608696,63779.0
jeet,3279.0,6725.0,0.32776889244302276,63764.0
shafi,2.0,115.0,0.017094017094017096,63695.0
anilkumar,264.0,2182.0,0.10793131643499591,63575.0
gaffar,7.0,2058.0,0.003389830508474576,63508.0
basheer,2.0,5026.0,0.0003977724741447892,63465.0
ulla,61.0,7147.0,0.008462819089900112,63420.0
sreedharan,769.0,5452.0,0.12361356695065102,63218.0
toppo,8.0,2856.0,0.002793296089385475,63181.0
faruk,9.0,1230.0,0.007263922518159807,63116.0
vaidya,666.0,3855.0,0.14731254147312542,62917.0
naidu,80.0,9801.0,0.008096346523631212,62806.0
paik,1228.0,2416.0,0.33699231613611413,62760.0
bhaskaran,1458.0,5715.0,0.20326223337515684,62753.0
bairagi,4695.0,3746.0,0.5562137187537022,62749.0
ashish,602.0,1030.0,0.36887254901960786,62372.0
nalavade,29.0,1944.0,0.01469842878864673,62265.0
kumarasamy,883.0,6022.0,0.1278783490224475,62117.0
bhai,4078.0,47569.0,0.07895908765271942,62116.0
nadar,96.0,19901.0,0.004800720108016202,61924.0
kadu,122.0,8153.0,0.014743202416918429,61794.0
khot,24.0,10595.0,0.002260099821075431,61778.0
mir,4.0,3675.0,0.0010872519706441968,61606.0
prajapat,278.0,34454.0,0.008004146032477254,61573.0
ahirwar,96800.0,9249.0,0.9127855991098455,61498.0
bee,17.0,3693.0,0.004582210242587601,61495.0
sadhu,85.0,982.0,0.07966260543580131,61445.0
veeran,12513.0,3259.0,0.793367993913264,61384.0
dalei,14871.0,11123.0,0.5720935600523198,61243.0
akram,3.0,491.0,0.006072874493927126,61002.0
gedam,2915.0,9440.0,0.23593686766491298,60979.0
aasre,70.0,139.0,0.3349282296650718,60770.0
ganguli,6.0,370.0,0.015957446808510637,60694.0
joy,112.0,4343.0,0.025140291806958474,60648.0
jafar,0.0,111.0,0.0,60517.0
alauddin,9.0,3347.0,0.0026817640047675805,60476.0
rajvanshi,15222.0,2230.0,0.8722209488883795,60470.0
mia,6.0,15948.0,0.000376081233546446,60467.0
sumer,2313.0,3027.0,0.43314606741573036,60436.0
jacob,65.0,6352.0,0.010129343930185445,60385.0
mustak,18.0,2714.0,0.006588579795021962,60355.0
lenka,136.0,25258.0,0.005355595810033867,60311.0
bose,201.0,3041.0,0.06199876619370759,60280.0
nataraj,401.0,1885.0,0.17541557305336833,60215.0
lakda,0.0,301.0,0.0,60104.0
irshad,1.0,209.0,0.004761904761904762,60079.0
jagdale,96.0,5310.0,0.017758046614872364,60029.0
mardi,65.0,17532.0,0.0036938114451326933,59972.0
dolui,21504.0,3377.0,0.8642739439733129,59929.0
anis,0.0,118.0,0.0,59911.0
javed,1.0,355.0,0.0028089887640449437,59897.0
kant,2848.0,12526.0,0.18524782099648757,59882.0
durga,3536.0,109.0,0.9700960219478738,59766.0
landage,1255.0,2441.0,0.33955627705627706,59749.0
besra,53.0,6870.0,0.007655640618229091,59733.0
ramteke,9307.0,627.0,0.9368834306422388,59706.0
chidambaram,938.0,3658.0,0.2040905134899913,59702.0
misal,2023.0,6772.0,0.23001705514496873,59642.0
veerasamy,4202.0,8258.0,0.33723916532905296,59055.0
rengasamy,2150.0,10294.0,0.17277402764384442,59015.0
rajvar,526.0,80.0,0.8679867986798679,58944.0
pata,233.0,381.0,0.3794788273615635,58766.0
mari,6457.0,4496.0,0.5895188532822058,58319.0
gadekar,822.0,8073.0,0.0924114671163575,58177.0
nandan,1308.0,3927.0,0.2498567335243553,58143.0
asgar,6.0,540.0,0.01098901098901099,57922.0
vali,166.0,432.0,0.27759197324414714,57916.0
bankar,1273.0,5607.0,0.18502906976744185,57843.0
kandan,1153.0,698.0,0.6229065370070233,57819.0
goundar,137.0,35321.0,0.003863726098482712,57773.0
balaraman,1251.0,3736.0,0.25085221576097855,57744.0
ramar,2011.0,6004.0,0.2509045539613225,57687.0
tanti,1793.0,64007.0,0.02724924012158055,57586.0
saran,3834.0,10414.0,0.26909039865244244,57577.0
lad,174.0,5887.0,0.028708133971291867,57576.0
francis,32.0,2984.0,0.010610079575596816,57365.0
tirki,1.0,664.0,0.0015037593984962407,57277.0
aboobacker,0.0,2652.0,0.0,57172.0
purushothaman,111.0,1017.0,0.09840425531914894,57167.0
sain,642.0,9828.0,0.06131805157593123,57126.0
muniyan,10592.0,5417.0,0.661627834343182,56762.0
gorai,342.0,6798.0,0.04789915966386555,56558.0
gond,1346.0,28738.0,0.04474139077250366,56414.0
nanhe,0.0,343.0,0.0,56383.0
bagade,2050.0,2748.0,0.4272613588995415,56358.0
surendran,820.0,4356.0,0.15842349304482226,56349.0
pichai,1512.0,2817.0,0.3492723492723493,56329.0
yameen,1.0,108.0,0.009174311926605505,56300.0
malviya,3725.0,2930.0,0.5597295266716754,56280.0
kumare,65.0,3946.0,0.016205435053602592,56239.0
selvarasu,714.0,1802.0,0.28378378378378377,56160.0
mhaske,1235.0,5482.0,0.18386184308471043,56082.0
navale,149.0,4770.0,0.030290709493799552,56057.0
bablu,2.0,128.0,0.015384615384615385,56056.0
vasave,6.0,22694.0,0.00026431718061674007,55927.0
sajeevan,1710.0,2934.0,0.3682170542635659,55740.0
mahadik,92.0,6799.0,0.013350747351618052,55580.0
orao,39.0,3266.0,0.011800302571860818,55463.0
nagappan,4160.0,4641.0,0.4726735598227474,55424.0
patole,3015.0,5023.0,0.3750933067927345,55402.0
rokade,1170.0,3026.0,0.278836987607245,55354.0
kanagaraj,300.0,548.0,0.35377358490566035,55259.0
nachimuthu,1122.0,6849.0,0.14076025592773805,55141.0
jakir,10.0,2161.0,0.004606172270842929,55124.0
choudhuri,279.0,1043.0,0.21104387291981846,54885.0
bhatt,28.0,8055.0,0.0034640603736236547,54809.0
shaji,309.0,3506.0,0.08099606815203146,54776.0
jayapal,88.0,137.0,0.39111111111111113,54770.0
nagare,146.0,3837.0,0.03665578709515441,54761.0
ratha,10.0,485.0,0.020202020202020204,54731.0
bavane,502.0,4532.0,0.09972189114024632,54559.0
patle,237.0,8545.0,0.02698701890230016,54504.0
kishun,6390.0,9975.0,0.3904674610449129,54440.0
pol,189.0,906.0,0.1726027397260274,54406.0
sebastian,48.0,5685.0,0.00837257980115123,54344.0
trivedi,13.0,1385.0,0.009298998569384835,54341.0
bangar,311.0,2660.0,0.10467855940760687,54269.0
soman,948.0,2964.0,0.24233128834355827,54144.0
moideen,0.0,128.0,0.0,54125.0
mansuri,71.0,19732.0,0.0035853153562591528,54019.0
kavale,247.0,2540.0,0.08862576246860424,53976.0
sasi,1469.0,3755.0,0.2812021439509954,53963.0
raula,13.0,219.0,0.05603448275862069,53772.0
sivalingam,1789.0,3779.0,0.3213002873563218,53718.0
arjunan,1710.0,3318.0,0.34009546539379476,53661.0
dhali,8604.0,4090.0,0.677800535686151,53515.0
sana,1316.0,1913.0,0.4075565190461443,53414.0
nirmal,123.0,487.0,0.20163934426229507,53299.0
gangadhar,17.0,207.0,0.07589285714285714,53257.0
ekka,18.0,9147.0,0.0019639934533551553,53240.0
mumtaj,6.0,914.0,0.006521739130434782,53136.0
dhage,669.0,8453.0,0.07333918000438501,53036.0
venkatraman,268.0,1737.0,0.1336658354114713,53034.0
kshirsagar,1328.0,7526.0,0.14998870566975378,52965.0
nanu,540.0,2519.0,0.17652827721477607,52904.0
jeevan,521.0,669.0,0.43781512605042017,52799.0
ghule,491.0,6661.0,0.06865212527964205,52765.0
purti,26.0,799.0,0.03151515151515152,52728.0
chaupal,14223.0,12978.0,0.5228851880445572,52648.0
panja,1195.0,8462.0,0.12374443408926168,52615.0
bharati,1040.0,947.0,0.5234021137393055,52547.0
panwar,128.0,939.0,0.11996251171508904,52525.0
najir,5.0,919.0,0.005411255411255411,52277.0
vani,5.0,205.0,0.023809523809523808,52209.0
teli,45.0,13317.0,0.003367759317467445,52102.0
ghorpade,670.0,2946.0,0.18528761061946902,51900.0
kunju,1131.0,8923.0,0.11249254028247464,51879.0
shivaji,138.0,1486.0,0.08497536945812807,51876.0
suravase,158.0,828.0,0.16024340770791076,51840.0
babar,612.0,5894.0,0.09406701506301875,51814.0
mukhi,5601.0,866.0,0.8660893768362455,51781.0
rajamani,684.0,2655.0,0.20485175202156333,51765.0
gangadharan,250.0,2410.0,0.09398496240601503,51705.0
doloi,12996.0,1521.0,0.8952262864228147,51626.0
majeed,2.0,4183.0,0.00047789725209080046,51577.0
sivakumar,944.0,2412.0,0.28128724672228844,51521.0
ghadi,0.0,1467.0,0.0,51432.0
bariha,166.0,31510.0,0.005240560676853138,51151.0
rais,7.0,516.0,0.01338432122370937,51116.0
israil,6.0,1812.0,0.0033003300330033004,51062.0
kanubhai,24.0,184.0,0.11538461538461539,51053.0
bishi,843.0,7828.0,0.09722062045900128,50995.0
dash,3430.0,52797.0,0.06100272111263272,50958.0
vellaiyan,6382.0,8974.0,0.4156030216202136,50826.0
shevale,350.0,3780.0,0.0847457627118644,50754.0
khare,273.0,784.0,0.2582781456953642,50496.0
khanda,88.0,535.0,0.14125200642054575,50470.0
vind,353.0,25511.0,0.01364831425920198,50439.0
bora,425.0,37813.0,0.011114598043830744,50423.0
gharat,5.0,7608.0,0.0006567713122290818,50110.0
nisa,11.0,2165.0,0.00505514705882353,50002.0
sarode,1416.0,4640.0,0.23381770145310435,49978.0
sapkal,837.0,6668.0,0.11152564956695536,49973.0
mahananda,12068.0,189.0,0.9845802398629354,49955.0
chandan,7.0,2250.0,0.0031014621178555605,49928.0
sokkalingam,372.0,1456.0,0.20350109409190373,49876.0
parihar,3995.0,6565.0,0.3783143939393939,49677.0
pagare,2380.0,1742.0,0.5773896166909267,49656.0
sanap,4.0,6405.0,0.0006241223279762834,49641.0
eswaran,171.0,400.0,0.29947460595446584,49590.0
ansar,6.0,3479.0,0.001721664275466284,49450.0
sakhare,1517.0,3132.0,0.3263067326306733,49373.0
bharose,3204.0,5024.0,0.38940204180845894,49335.0
selvakumar,163.0,308.0,0.346072186836518,49266.0
ramanathan,210.0,1037.0,0.16840417000801924,49257.0
gaur,784.0,5550.0,0.12377644458478054,49240.0
somasundaram,57.0,574.0,0.09033280507131537,49233.0
chander,2928.0,8389.0,0.2587258107272245,49198.0
ghoshal,91.0,3293.0,0.026891252955082743,49197.0
ammal,62.0,395.0,0.13566739606126915,49191.0
kaushik,19.0,954.0,0.019527235354573486,49173.0
sha,490.0,27725.0,0.017366648945596315,49130.0
samuel,189.0,3963.0,0.04552023121387283,49129.0
midya,3353.0,5098.0,0.39675778014436164,48876.0
seth,14493.0,4444.0,0.7653271373501611,48332.0
kolekar,31.0,7029.0,0.004390934844192634,48109.0
rajjak,69.0,2094.0,0.0319001386962552,48080.0
velmurugan,129.0,306.0,0.296551724137931,47990.0
kalindi,1206.0,22.0,0.9820846905537459,47925.0
mete,9291.0,2104.0,0.8153576129881527,47924.0
radha,214.0,954.0,0.1832191780821918,47921.0
nasir,7.0,873.0,0.007954545454545454,47911.0
sellaiya,408.0,831.0,0.32929782082324455,47847.0
navi,17.0,1989.0,0.00847457627118644,47836.0
talukdar,1138.0,9535.0,0.10662419188606764,47820.0
harpal,101.0,4.0,0.9619047619047619,47635.0
gavai,3217.0,501.0,0.8652501344809037,47621.0
dhar,2204.0,8602.0,0.20396076253933001,47575.0
dhole,693.0,5904.0,0.10504774897680765,47541.0
shirsath,1687.0,2593.0,0.3941588785046729,47525.0
jayaraj,130.0,219.0,0.37249283667621774,47524.0
ghuge,417.0,7375.0,0.05351642710472279,47488.0
dharmalingam,623.0,2032.0,0.23465160075329566,47466.0
udin,15.0,1478.0,0.010046885465505693,47462.0
kapse,109.0,932.0,0.10470701248799232,47429.0
kathirvel,2152.0,2919.0,0.4243738907513311,47378.0
pyare,1786.0,3066.0,0.36809563066776585,47295.0
salavi,92.0,11.0,0.8932038834951457,47072.0
unnikrishnan,540.0,2286.0,0.1910828025477707,47018.0
yevale,111.0,1910.0,0.05492330529440871,47005.0
shamshad,0.0,275.0,0.0,46932.0
pahan,68.0,4987.0,0.013452027695351138,46842.0
devar,104.0,17876.0,0.005784204671857619,46793.0
kore,513.0,5775.0,0.08158396946564886,46615.0
annadurai,551.0,1002.0,0.3547971667739858,46566.0
madhavi,122.0,1145.0,0.0962904498816101,46518.0
sagir,9.0,660.0,0.013452914798206279,46456.0
mulani,25.0,7378.0,0.0033770093205457248,46411.0
dhibar,6325.0,356.0,0.9467145636880706,46347.0
paramar,1371.0,4750.0,0.22398300931220388,46251.0
pandhare,213.0,5725.0,0.03587066352307174,46128.0
shete,224.0,4404.0,0.04840103716508211,46052.0
gain,6196.0,5342.0,0.5370081469925464,45966.0
dange,974.0,4775.0,0.16942076882936163,45964.0
pani,632.0,8435.0,0.06970331973089225,45843.0
karande,537.0,5193.0,0.093717277486911,45822.0
jahir,5.0,516.0,0.009596928982725527,45817.0
balamurugan,74.0,207.0,0.26334519572953735,45772.0
kori,19718.0,4764.0,0.8054080548974757,45657.0
shirke,188.0,4940.0,0.036661466458658344,45611.0
parmar,30723.0,179798.0,0.14593793493285706,45533.0
murugaiyan,2407.0,4064.0,0.37196723844846236,45499.0
guru,2152.0,8312.0,0.20565749235474007,45420.0
gund,5.0,2241.0,0.002226179875333927,45322.0
solanke,113.0,8136.0,0.0136986301369863,45255.0
chaturvedi,5.0,2241.0,0.002226179875333927,45241.0
imam,1.0,869.0,0.0011494252873563218,45173.0
fathima,0.0,1128.0,0.0,45080.0
hati,1612.0,9827.0,0.14092140921409213,45034.0
rangan,8111.0,3180.0,0.7183597555575237,45020.0
chinnaiyan,3806.0,5792.0,0.396540946030423,44997.0
tahir,16.0,1941.0,0.008175779253960144,44994.0
sher,60.0,1786.0,0.032502708559046585,44900.0
sengupta,3.0,213.0,0.013888888888888888,44857.0
kokate,303.0,6185.0,0.046701602959309495,44796.0
rabidas,15943.0,2338.0,0.8721076527542257,44616.0
varathan,663.0,870.0,0.4324853228962818,44585.0
mate,586.0,5393.0,0.09800970061883259,44574.0
lodhi,259.0,93800.0,0.0027535908312867454,44530.0
bhat,175.0,879.0,0.16603415559772297,44508.0
balasubramaniyan,316.0,1939.0,0.1401330376940133,44440.0
